{
  "bounds": [
    -1.9229857921600342,
    -2.510629653930664,
    -2.430583953857422,
    1.9275707006454468,
    2.341445207595825,
    -1.6022604703903198
  ],
  "metadata": {
    "readers.las": {
      "comp_spatialreference": "",
      "compressed": true,
      "copc": false,
      "count": 440000,
      "creation_doy": 0,
      "creation_year": 2024,
      "dataformat_id": 3,
      "dataoffset": 333,
      "filesource_id": 0,
      "global_encoding": 0,
      "global_encoding_base64": "AAA=",
      "header_size": 227,
      "major_version": 1,
      "maxx": 1.927570701,
      "maxy": 2.341445208,
      "maxz": -1.60226047,
      "minor_version": 2,
      "minx": -1.922985792,
      "miny": -2.510629654,
      "minz": -2.430583954,
      "offset_x": 0,
      "offset_y": 0,
      "offset_z": 0,
      "point_length": 34,
      "project_id": "00000000-0000-0000-0000-000000000000",
      "scale_x": 0.01,
      "scale_y": 0.01,
      "scale_z": 0.01,
      "software_id": "PDAL 2.4.3 (Releas)",
      "spatialreference": "",
      "srs": {
        "compoundwkt": "",
        "horizontal": "",
        "isgeocentric": false,
        "isgeographic": false,
        "prettycompoundwkt": "",
        "prettywkt": "",
        "proj4": "",
        "units": {
          "horizontal": "unknown",
          "vertical": ""
        },
        "vertical": "",
        "wkt": ""
      },
      "system_id": "PDAL",
      "vlr_0": {
        "data": "AgAAAAMEAwAAAAAAUMMAAP////////////////////8DAAYAFAACAAcACAACAAgABgACAA==",
        "description": "http://laszip.org",
        "record_id": 22204,
        "user_id": "laszip encoded"
      },
      "vlr_1": {
        "data": "AgAAAAMEAwAAAAAAUMMAAP////////////////////8DAAYAFAACAAcACAACAAgABgACAA==",
        "description": "http://laszip.org",
        "record_id": 22204,
        "user_id": "laszip encoded"
      }
    }
  },
  "path": "/var/www/data/1e3882fd-3345-4579-abdb-e5e65ee50855/odm_georeferencing/odm_georeferenced_model.laz",
  "pipeline": [
    {
      "filename": "/var/www/data/1e3882fd-3345-4579-abdb-e5e65ee50855/odm_georeferencing/odm_georeferenced_model.laz"
    }
  ],
  "points": 440000,
  "schema": [
    {
      "count": 440000,
      "maximum": 1.93,
      "mean": 0.11814268181818473,
      "minimum": -1.92,
      "name": "X",
      "scale": 0.01,
      "size": 4,
      "stddev": 0.8158382785410362,
      "type": "signed",
      "variance": 0.6655920967328013
    },
    {
      "count": 440000,
      "maximum": 2.34,
      "mean": 0.026982068181818957,
      "minimum": -2.5100000000000002,
      "name": "Y",
      "scale": 0.01,
      "size": 4,
      "stddev": 1.0606665550262007,
      "type": "signed",
      "variance": 1.1250135409511481
    },
    {
      "count": 440000,
      "maximum": -1.6,
      "mean": -2.229798863636432,
      "minimum": -2.43,
      "name": "Z",
      "scale": 0.01,
      "size": 4,
      "stddev": 0.13391772745227512,
      "type": "signed",
      "variance": 0.01793395772598184
    },
    {
      "count": 440000,
      "maximum": 0,
      "mean": 0,
      "minimum": 0,
      "name": "Intensity",
      "size": 2,
      "stddev": 0,
      "type": "unsigned",
      "variance": 0
    },
    {
      "count": 440000,
      "maximum": 1,
      "mean": 1,
      "minimum": 1,
      "name": "ReturnNumber",
      "size": 1,
      "stddev": 0,
      "type": "unsigned",
      "variance": 0
    },
    {
      "count": 440000,
      "maximum": 1,
      "mean": 1,
      "minimum": 1,
      "name": "NumberOfReturns",
      "size": 1,
      "stddev": 0,
      "type": "unsigned",
      "variance": 0
    },
    {
      "count": 440000,
      "maximum": 0,
      "mean": 0,
      "minimum": 0,
      "name": "ScanDirectionFlag",
      "size": 1,
      "stddev": 0,
      "type": "unsigned",
      "variance": 0
    },
    {
      "count": 440000,
      "maximum": 0,
      "mean": 0,
      "minimum": 0,
      "name": "EdgeOfFlightLine",
      "size": 1,
      "stddev": 0,
      "type": "unsigned",
      "variance": 0
    },
    {
      "count": 440000,
      "counts": [
        {
          "count": 440000,
          "value": 0
        }
      ],
      "maximum": 0,
      "mean": 0,
      "minimum": 0,
      "name": "Classification",
      "size": 1,
      "stddev": 0,
      "type": "unsigned",
      "variance": 0
    },
    {
      "count": 440000,
      "maximum": 0,
      "mean": 0,
      "minimum": 0,
      "name": "ScanAngleRank",
      "size": 4,
      "stddev": 0,
      "type": "float",
      "variance": 0
    },
    {
      "count": 440000,
      "maximum": 6,
      "mean": 2.68283181818195,
      "minimum": 2,
      "name": "UserData",
      "size": 1,
      "stddev": 0.9919447285218028,
      "type": "unsigned",
      "variance": 0.9839543444421931
    },
    {
      "count": 440000,
      "maximum": 0,
      "mean": 0,
      "minimum": 0,
      "name": "PointSourceId",
      "size": 2,
      "stddev": 0,
      "type": "unsigned",
      "variance": 0
    },
    {
      "count": 440000,
      "maximum": 0,
      "mean": 0,
      "minimum": 0,
      "name": "GpsTime",
      "size": 8,
      "stddev": 0,
      "type": "float",
      "variance": 0
    },
    {
      "count": 440000,
      "maximum": 255,
      "mean": 173.91714318181585,
      "minimum": 11,
      "name": "Red",
      "size": 2,
      "stddev": 41.511884943542306,
      "type": "unsigned",
      "variance": 1723.2365915658943
    },
    {
      "count": 440000,
      "maximum": 255,
      "mean": 142.1260999999948,
      "minimum": 4,
      "name": "Green",
      "size": 2,
      "stddev": 40.188607201419885,
      "type": "unsigned",
      "variance": 1615.1241487900184
    },
    {
      "count": 440000,
      "maximum": 255,
      "mean": 101.24403863636421,
      "minimum": 0,
      "name": "Blue",
      "size": 2,
      "stddev": 45.48741586375454,
      "type": "unsigned",
      "variance": 2069.1050019621484
    }
  ],
  "srs": {}
}