{
  "file_size": 878355,
  "filename": "/var/www/data/1e3882fd-3345-4579-abdb-e5e65ee50855/odm_georeferencing/odm_georeferenced_model.laz",
  "now": "2024-07-02T10:57:40+0000",
  "pdal_version": "2.4.3 (git-version: Release)",
  "reader": "readers.las",
  "stats":
  {
    "bbox":
    {
      "native":
      {
        "bbox":
        {
          "maxx": 1.93,
          "maxy": 2.34,
          "maxz": -1.6,
          "minx": -1.92,
          "miny": -2.51,
          "minz": -2.43
        },
        "boundary": { "type": "Polygon", "coordinates": [ [ [ -1.92, -2.51, -2.43 ], [ -1.92, 2.34, -2.43 ], [ 1.93, 2.34, -1.6 ], [ 1.93, -2.51, -1.6 ], [ -1.92, -2.51, -2.43 ] ] ] }
      }
    },
    "statistic":
    [
      {
        "average": 0.1181426818,
        "count": 440000,
        "maximum": 1.93,
        "minimum": -1.92,
        "name": "X",
        "position": 0,
        "stddev": 0.8158392056,
        "variance": 0.6655936094
      },
      {
        "average": 0.02698206818,
        "count": 440000,
        "maximum": 2.34,
        "minimum": -2.51,
        "name": "Y",
        "position": 1,
        "stddev": 1.06066776,
        "variance": 1.125016098
      },
      {
        "average": -2.229798864,
        "count": 440000,
        "maximum": -1.6,
        "minimum": -2.43,
        "name": "Z",
        "position": 2,
        "stddev": 0.1339178796,
        "variance": 0.01793399849
      }
    ]
  }
}
