[{"filename": "dji_fly_20240701_141215_0_1719835935880_photo_low_quality.jpg", "mask": null, "width": 1280, "height": 720, "camera_make": "", "camera_model": "", "orientation": 1, "latitude": null, "longitude": null, "altitude": null, "band_name": "RGB", "band_index": 0, "capture_uuid": null, "fnumber": null, "radiometric_calibration": null, "black_level": null, "gain": null, "gain_adjustment": null, "exposure_time": null, "iso_speed": null, "bits_per_sample": null, "vignetting_center": null, "vignetting_polynomial": null, "spectral_irradiance": null, "horizontal_irradiance": null, "irradiance_scale_to_si": null, "utc_time": null, "yaw": null, "pitch": null, "roll": null, "omega": null, "phi": null, "kappa": null, "sun_sensor": null, "dls_yaw": null, "dls_pitch": null, "dls_roll": null, "speed_x": null, "speed_y": null, "speed_z": null, "exif_width": null, "exif_height": null, "gps_xy_stddev": null, "gps_z_stddev": null, "camera_projection": "brown", "focal_ratio": 0.85}, {"filename": "dji_fly_20240701_141232_0_1719835952271_photo_low_quality.jpg", "mask": null, "width": 1280, "height": 720, "camera_make": "", "camera_model": "", "orientation": 1, "latitude": null, "longitude": null, "altitude": null, "band_name": "RGB", "band_index": 0, "capture_uuid": null, "fnumber": null, "radiometric_calibration": null, "black_level": null, "gain": null, "gain_adjustment": null, "exposure_time": null, "iso_speed": null, "bits_per_sample": null, "vignetting_center": null, "vignetting_polynomial": null, "spectral_irradiance": null, "horizontal_irradiance": null, "irradiance_scale_to_si": null, "utc_time": null, "yaw": null, "pitch": null, "roll": null, "omega": null, "phi": null, "kappa": null, "sun_sensor": null, "dls_yaw": null, "dls_pitch": null, "dls_roll": null, "speed_x": null, "speed_y": null, "speed_z": null, "exif_width": null, "exif_height": null, "gps_xy_stddev": null, "gps_z_stddev": null, "camera_projection": "brown", "focal_ratio": 0.85}, {"filename": "dji_fly_20240701_141211_0_1719835931451_photo_low_quality.jpg", "mask": null, "width": 1280, "height": 720, "camera_make": "", "camera_model": "", "orientation": 1, "latitude": null, "longitude": null, "altitude": null, "band_name": "RGB", "band_index": 0, "capture_uuid": null, "fnumber": null, "radiometric_calibration": null, "black_level": null, "gain": null, "gain_adjustment": null, "exposure_time": null, "iso_speed": null, "bits_per_sample": null, "vignetting_center": null, "vignetting_polynomial": null, "spectral_irradiance": null, "horizontal_irradiance": null, "irradiance_scale_to_si": null, "utc_time": null, "yaw": null, "pitch": null, "roll": null, "omega": null, "phi": null, "kappa": null, "sun_sensor": null, "dls_yaw": null, "dls_pitch": null, "dls_roll": null, "speed_x": null, "speed_y": null, "speed_z": null, "exif_width": null, "exif_height": null, "gps_xy_stddev": null, "gps_z_stddev": null, "camera_projection": "brown", "focal_ratio": 0.85}, {"filename": "dji_fly_20240701_141220_0_1719835940993_photo_low_quality.jpg", "mask": null, "width": 1280, "height": 720, "camera_make": "", "camera_model": "", "orientation": 1, "latitude": null, "longitude": null, "altitude": null, "band_name": "RGB", "band_index": 0, "capture_uuid": null, "fnumber": null, "radiometric_calibration": null, "black_level": null, "gain": null, "gain_adjustment": null, "exposure_time": null, "iso_speed": null, "bits_per_sample": null, "vignetting_center": null, "vignetting_polynomial": null, "spectral_irradiance": null, "horizontal_irradiance": null, "irradiance_scale_to_si": null, "utc_time": null, "yaw": null, "pitch": null, "roll": null, "omega": null, "phi": null, "kappa": null, "sun_sensor": null, "dls_yaw": null, "dls_pitch": null, "dls_roll": null, "speed_x": null, "speed_y": null, "speed_z": null, "exif_width": null, "exif_height": null, "gps_xy_stddev": null, "gps_z_stddev": null, "camera_projection": "brown", "focal_ratio": 0.85}, {"filename": "dji_fly_20240701_141206_0_1719835926662_photo_low_quality.jpg", "mask": null, "width": 1280, "height": 720, "camera_make": "", "camera_model": "", "orientation": 1, "latitude": null, "longitude": null, "altitude": null, "band_name": "RGB", "band_index": 0, "capture_uuid": null, "fnumber": null, "radiometric_calibration": null, "black_level": null, "gain": null, "gain_adjustment": null, "exposure_time": null, "iso_speed": null, "bits_per_sample": null, "vignetting_center": null, "vignetting_polynomial": null, "spectral_irradiance": null, "horizontal_irradiance": null, "irradiance_scale_to_si": null, "utc_time": null, "yaw": null, "pitch": null, "roll": null, "omega": null, "phi": null, "kappa": null, "sun_sensor": null, "dls_yaw": null, "dls_pitch": null, "dls_roll": null, "speed_x": null, "speed_y": null, "speed_z": null, "exif_width": null, "exif_height": null, "gps_xy_stddev": null, "gps_z_stddev": null, "camera_projection": "brown", "focal_ratio": 0.85}, {"filename": "dji_fly_20240701_141228_0_1719835948717_photo_low_quality.jpg", "mask": null, "width": 1280, "height": 720, "camera_make": "", "camera_model": "", "orientation": 1, "latitude": null, "longitude": null, "altitude": null, "band_name": "RGB", "band_index": 0, "capture_uuid": null, "fnumber": null, "radiometric_calibration": null, "black_level": null, "gain": null, "gain_adjustment": null, "exposure_time": null, "iso_speed": null, "bits_per_sample": null, "vignetting_center": null, "vignetting_polynomial": null, "spectral_irradiance": null, "horizontal_irradiance": null, "irradiance_scale_to_si": null, "utc_time": null, "yaw": null, "pitch": null, "roll": null, "omega": null, "phi": null, "kappa": null, "sun_sensor": null, "dls_yaw": null, "dls_pitch": null, "dls_roll": null, "speed_x": null, "speed_y": null, "speed_z": null, "exif_width": null, "exif_height": null, "gps_xy_stddev": null, "gps_z_stddev": null, "camera_projection": "brown", "focal_ratio": 0.85}, {"filename": "dji_fly_20240701_141226_0_1719835946409_photo_low_quality.jpg", "mask": null, "width": 1280, "height": 720, "camera_make": "", "camera_model": "", "orientation": 1, "latitude": null, "longitude": null, "altitude": null, "band_name": "RGB", "band_index": 0, "capture_uuid": null, "fnumber": null, "radiometric_calibration": null, "black_level": null, "gain": null, "gain_adjustment": null, "exposure_time": null, "iso_speed": null, "bits_per_sample": null, "vignetting_center": null, "vignetting_polynomial": null, "spectral_irradiance": null, "horizontal_irradiance": null, "irradiance_scale_to_si": null, "utc_time": null, "yaw": null, "pitch": null, "roll": null, "omega": null, "phi": null, "kappa": null, "sun_sensor": null, "dls_yaw": null, "dls_pitch": null, "dls_roll": null, "speed_x": null, "speed_y": null, "speed_z": null, "exif_width": null, "exif_height": null, "gps_xy_stddev": null, "gps_z_stddev": null, "camera_projection": "brown", "focal_ratio": 0.85}, {"filename": "dji_fly_20240701_141200_0_1719835920148_photo_low_quality.jpg", "mask": null, "width": 1280, "height": 720, "camera_make": "", "camera_model": "", "orientation": 1, "latitude": null, "longitude": null, "altitude": null, "band_name": "RGB", "band_index": 0, "capture_uuid": null, "fnumber": null, "radiometric_calibration": null, "black_level": null, "gain": null, "gain_adjustment": null, "exposure_time": null, "iso_speed": null, "bits_per_sample": null, "vignetting_center": null, "vignetting_polynomial": null, "spectral_irradiance": null, "horizontal_irradiance": null, "irradiance_scale_to_si": null, "utc_time": null, "yaw": null, "pitch": null, "roll": null, "omega": null, "phi": null, "kappa": null, "sun_sensor": null, "dls_yaw": null, "dls_pitch": null, "dls_roll": null, "speed_x": null, "speed_y": null, "speed_z": null, "exif_width": null, "exif_height": null, "gps_xy_stddev": null, "gps_z_stddev": null, "camera_projection": "brown", "focal_ratio": 0.85}, {"filename": "dji_fly_20240701_141144_0_1719835904644_photo_low_quality.jpg", "mask": null, "width": 1280, "height": 720, "camera_make": "", "camera_model": "", "orientation": 1, "latitude": null, "longitude": null, "altitude": null, "band_name": "RGB", "band_index": 0, "capture_uuid": null, "fnumber": null, "radiometric_calibration": null, "black_level": null, "gain": null, "gain_adjustment": null, "exposure_time": null, "iso_speed": null, "bits_per_sample": null, "vignetting_center": null, "vignetting_polynomial": null, "spectral_irradiance": null, "horizontal_irradiance": null, "irradiance_scale_to_si": null, "utc_time": null, "yaw": null, "pitch": null, "roll": null, "omega": null, "phi": null, "kappa": null, "sun_sensor": null, "dls_yaw": null, "dls_pitch": null, "dls_roll": null, "speed_x": null, "speed_y": null, "speed_z": null, "exif_width": null, "exif_height": null, "gps_xy_stddev": null, "gps_z_stddev": null, "camera_projection": "brown", "focal_ratio": 0.85}]